itemcode,etfTabCode,itemname,nowVal,risefall,changeVal,changeRate,nav,threeMonthEarnRate,quant,amonut,marketSum
069500,1,KODEX 200,43955,2,220,0.5,44047.0,7.4517,2655205,116819,39933
153130,6,KODEX 단기채권,102805,5,-10,-0.01,102803.0,0.0535,22011,2262,24415
252670,3,KODEX 200선물인버스2X,1845,5,-15,-0.81,1844.0,-15.262,146475126,269418,22304
102110,1,TIGER 200,43985,2,215,0.49,44081.0,7.4928,530566,23370,22036
102780,2,KODEX 삼성그룹,10285,2,15,0.15,10323.0,7.4492,265587,2741,18852
214980,6,KODEX 단기채권PLUS,103095,5,-10,-0.01,103091.0,0.0825,1216503,125415,16316
273130,6,KODEX 종합채권(AA-이상)액티브,108660,5,-200,-0.18,108610.0,-0.1697,5992,650,14832
278530,1,KODEX 200TR,14390,2,80,0.56,14403.0,7.4727,214703,3086,14440
122630,3,KODEX 레버리지,29405,2,300,1.03,29650.0,14.7673,16827137,495960,14114
305720,2,KODEX 2차전지산업,19010,2,60,0.32,19069.0,12.5096,567473,10829,12851
278540,1,KODEX MSCI Korea TR,14095,2,55,0.39,14136.0,5.8424,489545,6905,12065
148020,1,KBSTAR 200,44020,2,225,0.51,44107.0,7.4723,176559,7784,11643
114800,3,KODEX 인버스,3675,5,-20,-0.54,3679.0,-7.8554,29176518,107164,11345
292150,2,TIGER TOP10,15065,2,25,0.17,15066.0,4.9766,316716,4774,9732
233740,1,KODEX 코스닥150 레버리지,14800,5,-195,-1.3,14938.0,0.6038,6173504,92869,9724
371460,4,TIGER 차이나전기차SOLACTIVE,13995,2,65,0.47,,38.538,2382368,33174,9713
139260,2,TIGER 200 IT,38835,2,215,0.56,38856.0,3.3559,366526,14232,9414
157450,6,TIGER 단기통안채,100200,5,-20,-0.02,100197.0,0.0998,4066,407,9354
305540,2,TIGER 2차전지테마,18320,5,-65,-0.35,18387.0,17.356,612822,11283,8958
152100,1,ARIRANG 200,44365,2,240,0.54,44465.0,7.4934,70010,3107,8740
364980,2,TIGER KRX2차전지K-뉴딜,17060,2,20,0.12,17083.0,17.7934,635315,10877,8317
133690,4,TIGER 미국나스닥100,72650,5,-190,-0.26,,10.0086,96063,6987,7628
105190,1,KINDEX 200,44055,2,215,0.49,44139.0,7.5089,237862,10491,7445
310970,1,TIGER MSCI Korea TR,17765,2,65,0.37,17762.0,6.1469,5786,102,7372
293180,1,HANARO 200,43975,2,210,0.48,44057.0,7.4093,85822,3778,6618
229200,1,KODEX 코스닥 150,14300,5,-110,-0.76,14451.0,0.6003,1096194,15820,5970
314250,4,KODEX 미국FANG플러스(H),28245,2,245,0.88,,6.0806,418079,11812,5960
069660,1,KOSEF 200,43965,2,210,0.48,44041.0,7.5457,5711,250,5847
091180,2,KODEX 자동차,25035,2,125,0.5,25032.0,10.2261,426697,10633,5320
294400,1,KOSEF 200TR,52245,2,260,0.5,52339.0,7.5069,7788,406,5068
364960,2,TIGER KRX BBIG K-뉴딜,13070,5,-95,-0.72,13072.0,10.7698,249253,3268,4967
315930,2,KODEX Top5PlusTR,20260,2,110,0.55,20336.0,3.4394,9312,188,4700
295040,1,SMART 200TR,14960,2,75,0.5,14987.0,7.4729,42862,641,4578
251340,3,KODEX 코스닥150선물인버스,4475,2,30,0.67,4474.0,-2.0926,12827822,56914,4386
282000,3,KBSTAR 국고채3년선물인버스,100105,2,200,0.2,100134.0,0.3566,9,0,4039
290130,2,KBSTAR ESG사회책임투자,14310,2,50,0.35,14373.0,5.4499,1088413,15591,3513
360750,4,TIGER 미국S&P500,12150,5,-25,-0.21,,9.0852,441854,5375,3511
226490,1,KODEX 코스피,33055,2,85,0.26,33162.0,9.6441,47912,1584,3504
385540,6,KBSTAR KIS종합채권(A-이상)액티브,99990,5,-300,-0.3,99931.0,,7,0,3451
332500,1,KINDEX 200TR,26810,2,145,0.54,26853.0,7.4984,5177,138,3432
357870,7,TIGER CD금리투자KIS(합성),50345,3,0,0.0,50338.0,0.199,0,0,3155
192090,4,TIGER 차이나CSI300,12085,2,160,1.34,,5.718,276147,3322,3070
381180,4,TIGER 미국필라델피아반도체나스닥,9910,2,90,0.92,,,751463,7447,2938
091170,2,KODEX 은행,7755,2,165,2.17,7775.0,13.4359,1772691,13685,2896
332940,1,HANARO MSCI Korea TR,17740,2,135,0.77,17739.0,6.2141,91,1,2874
251350,4,KODEX 선진국MSCI World,19165,3,0,0.0,,8.2156,28506,546,2856
367770,2,KBSTAR Fn수소경제테마,12950,2,80,0.62,12951.0,3.4981,137241,1774,2739
275980,4,TIGER 글로벌4차산업혁신기술(합성 H),18625,2,180,0.98,,6.3112,60853,1130,2719
091160,2,KODEX 반도체,37830,2,440,1.18,37940.0,1.9634,177985,6722,2705
190620,6,KINDEX 단기통안채,100315,5,-15,-0.01,100312.0,0.0997,767,76,2647
261220,5,KODEX WTI원유선물(H),11035,3,0,0.0,,26.1863,448836,4952,2588
168580,4,KINDEX 중국본토CSI300,32235,2,315,0.99,,5.8355,14975,481,2579
385550,6,KBSTAR KIS단기종합채권(AA-이상)액티브,99895,5,-25,-0.03,99886.0,,313,31,2502
272580,6,TIGER 단기채권액티브,50075,5,-15,-0.03,50068.0,0.0299,2197,110,2418
132030,5,KODEX 골드선물(H),12070,2,5,0.04,,2.2891,152922,1843,2390
360200,4,KINDEX 미국S&P500,12230,5,-30,-0.24,,9.201,182010,2229,2373
143850,4,TIGER 미국S&P500선물(H),49750,2,190,0.38,,8.8393,57879,2880,2338
332930,1,HANARO 200TR,52300,2,320,0.62,52378.0,7.5188,21377,1117,2275
371160,4,TIGER 차이나항셍테크,10385,2,180,1.76,,0.5914,544088,5610,2274
196230,6,KBSTAR 단기통안채,104445,5,-20,-0.02,104446.0,0.115,579441,60525,2229
232080,1,TIGER 코스닥150,14520,5,-100,-0.68,14650.0,0.5502,368210,5375,2134
245710,4,KINDEX 베트남VN30(합성),21590,5,-110,-0.51,,29.6296,133660,2893,2029
161510,2,ARIRANG 고배당주,12750,2,250,2.0,12790.0,13.5228,263785,3350,1993
302450,1,KBSTAR 코스피,33080,2,75,0.23,33178.0,9.4802,9060,299,1919
278240,1,KBSTAR 코스닥150선물레버리지,15075,5,-170,-1.12,15079.0,1.1276,14915,228,1826
326240,2,KBSTAR IT플러스,22460,5,-15,-0.07,22540.0,6.6986,207172,4660,1819
272560,6,KBSTAR 단기국공채액티브,102005,5,-35,-0.03,102007.0,0.1423,620251,63279,1773
381170,4,TIGER 미국테크TOP10 INDXX,10580,5,-65,-0.61,,,1002201,10606,1772
267770,3,TIGER 200선물레버리지,22210,2,200,0.91,22229.0,15.6594,293197,6527,1732
150460,2,TIGER 중국소비테마,9335,2,20,0.21,9329.0,13.9867,60175,561,1703
270810,1,KBSTAR 코스닥150,14190,5,-100,-0.7,14324.0,0.4569,15872,227,1663
367380,4,KINDEX 미국나스닥100,12475,5,-20,-0.16,,9.8944,136568,1704,1609
143860,2,TIGER 헬스케어,44305,5,-505,-1.13,44502.0,-0.3115,43031,1925,1498
091230,2,TIGER 반도체,38770,2,475,1.24,38844.0,1.9514,94305,3647,1497
148070,6,KOSEF 국고채10년,120325,5,-360,-0.3,120185.0,-0.1738,2666,320,1456
298770,4,KODEX 한국대만IT프리미어,20365,5,-55,-0.27,,3.7865,25864,526,1446
138540,2,TIGER 현대차그룹+펀더멘털,28685,2,145,0.51,28795.0,13.227,58279,1673,1365
182480,7,TIGER 미국MSCI리츠(합성 H),14730,5,-60,-0.41,,13.6992,38929,572,1355
204480,4,TIGER 차이나CSI300레버리지(합성),33515,2,915,2.81,,9.6351,109071,3622,1274
283580,4,KODEX 중국본토CSI300,14585,2,210,1.46,,5.4272,41169,596,1254
328370,1,ARIRANG 코스피TR,16555,2,80,0.49,16558.0,9.7967,16839,277,1250
219480,4,KODEX 미국S&P500선물(H),20480,2,80,0.39,,8.8871,43823,897,1249
176950,6,KODEX 국채선물10년인버스,47235,2,185,0.39,47255.0,0.1596,566,26,1241
372330,4,KODEX 차이나항셍테크,10405,2,160,1.56,,0.5891,313754,3245,1228
136340,6,KBSTAR 중기우량회사채,104955,5,-115,-0.11,104966.0,-0.1284,1861,195,1196
367760,2,KBSTAR Fn5G테크,11520,2,120,1.05,11521.0,0.0526,156793,1805,1187
273140,6,KODEX 단기변동금리부채권액티브,102565,3,0,0.0,102570.0,0.0878,0,0,1139
252710,3,TIGER 200선물인버스2X,1915,5,-15,-0.78,1914.0,-14.978,3745448,7138,1138
368190,2,HANARO Fn K-뉴딜디지털플러스,13415,5,-215,-1.58,13418.0,11.0748,73743,994,1127
108450,2,KINDEX 삼성그룹섹터가중,17010,3,0,0.0,17027.0,10.7782,4143,70,1123
139280,2,TIGER 경기방어,12805,5,-15,-0.12,12801.0,6.4872,34955,449,1122
233160,1,TIGER 코스닥150 레버리지,15735,5,-220,-1.38,15874.0,0.6307,75999,1217,1078
329200,2,TIGER 부동산인프라고배당,5910,2,40,0.68,5911.0,15.7334,86721,511,1064
325010,2,KODEX Fn성장,18910,5,-25,-0.13,18905.0,5.5815,1186,22,1059
144600,5,KODEX 은선물(H),5400,2,45,0.84,,2.6845,383606,2064,1042
225040,4,TIGER 미국S&P500레버리지(합성 H),31160,2,215,0.69,,17.4829,11863,370,1028
156080,1,KODEX MSCI Korea,20500,2,25,0.12,20584.0,6.11,335,6,1025
325020,2,KODEX 배당가치,14030,2,200,1.45,14031.0,10.2079,2835,39,1024
228800,2,TIGER 여행레저,5440,2,75,1.4,5424.0,10.2774,367674,2001,987
376410,2,TIGER 탄소효율그린뉴딜,10490,2,20,0.19,10524.0,7.2745,19081,200,976
117700,2,KODEX 건설,3915,5,-10,-0.25,3914.0,21.3667,1129913,4470,940
114260,6,KODEX 국고채3년,57770,5,-165,-0.28,57846.0,-0.1638,8461,488,936
371470,4,TIGER 차이나바이오테크SOLACTIVE,13275,2,95,0.72,,19.33,50166,664,919
364970,2,TIGER KRX바이오K-뉴딜,10490,5,-185,-1.73,10508.0,5.432,167529,1780,881
368590,4,KBSTAR 미국나스닥100,12075,5,-5,-0.04,,9.6686,82620,998,857
195930,4,TIGER 유로스탁스50(합성 H),14030,2,140,1.01,,9.1552,37680,527,828
130680,5,TIGER 원유선물Enhanced(H),3330,2,5,0.15,,25.9469,484792,1610,811
174360,4,KBSTAR 중국본토대형주CSI100,22295,2,405,1.85,,1.9562,17809,392,780
309230,2,KINDEX 미국WideMoat가치주,16785,5,-55,-0.33,,8.4702,55324,930,755
139220,2,TIGER 200 건설,3375,2,5,0.15,3377.0,20.4001,2461203,8393,747
195980,4,ARIRANG 신흥국MSCI(합성 H),13180,2,75,0.57,,3.7608,24265,320,746
256750,4,KODEX 심천ChiNext(합성),14280,2,150,1.06,,22.6562,66903,950,743
157490,2,TIGER 소프트웨어,19075,5,-225,-1.17,19058.0,14.2349,187094,3560,736
261240,7,KODEX 미국달러선물,10000,5,-50,-0.5,10002.0,-0.0498,206066,2061,736
266160,2,KBSTAR 고배당,13115,2,195,1.51,13117.0,10.0979,125549,1639,734
304940,4,KODEX 미국나스닥100선물(H),18220,2,60,0.33,,9.5295,50078,912,720
385520,2,KODEX K-미래차액티브,11115,2,45,0.41,11114.0,,269731,2994,706
123310,3,TIGER 인버스,4070,5,-20,-0.49,4067.0,-7.4661,302374,1227,692
245360,4,TIGER 차이나HSCEI,12905,2,130,1.02,,-0.0392,10470,134,671
277630,1,TIGER 코스피,33365,2,200,0.6,33471.0,9.16,41584,1386,667
114820,6,TIGER 국채3년,110255,5,-150,-0.14,110248.0,-0.1628,301,33,662
289260,2,TIGER MSCI KOREA ESG리더스,12425,2,15,0.12,12482.0,7.9318,7111,88,656
117680,2,KODEX 철강,10445,2,10,0.1,10462.0,30.6825,589516,6196,651
266360,2,KODEX 미디어&엔터테인먼트,25450,5,-315,-1.22,25555.0,17.9176,474646,12095,636
363510,6,SMART KIS단기통안채,100340,3,0,0.0,100330.0,0.0897,0,0,636
306520,3,HANARO 200선물인버스,8470,5,-40,-0.47,8457.0,-7.4498,6309,53,627
102970,2,KODEX 증권,8640,2,205,2.43,8682.0,12.093,320255,2754,609
245340,4,TIGER 미국다우존스30,19565,2,65,0.33,,5.5766,30330,594,607
336160,6,KBSTAR 금융채액티브,102855,5,-140,-0.14,102845.0,-0.1406,20,2,597
361580,1,KBSTAR 200TR,22485,2,95,0.42,22539.0,7.5666,435,9,585
379800,4,KODEX 미국S&P500TR,10590,5,-20,-0.19,,,176604,1871,582
304780,1,HANARO 200선물레버리지,32290,2,355,1.11,32278.0,15.7274,2674,86,581
329750,6,TIGER 미국달러단기채권액티브,9665,5,-55,-0.57,,0.1029,73122,707,560
219390,4,KBSTAR 미국S&P원유생산기업(합성 H),4455,2,90,2.06,,24.0056,267062,1186,557
243880,2,TIGER 200IT레버리지,68130,2,580,0.86,68586.0,7.4012,17320,1188,545
337140,2,KODEX 코스피대형주,15500,2,95,0.62,15543.0,7.5617,2787,43,543
139230,2,TIGER 200 중공업,3900,2,35,0.91,3922.0,30.9725,544782,2138,541
363580,2,KODEX 200IT TR,14615,2,55,0.38,14656.0,3.1892,2274,33,541
387280,2,TIGER 퓨처모빌리티액티브,10740,2,40,0.37,10739.0,,119970,1292,538
130730,6,KOSEF 단기자금,101065,5,-20,-0.02,101064.0,0.1089,85754,8668,532
305080,6,TIGER 미국채10년선물,11535,5,-65,-0.56,,0.8257,36527,421,531
266370,2,KODEX IT,21050,2,75,0.36,21087.0,1.4804,17355,365,526
375770,2,KODEX 탄소효율그린뉴딜,10500,2,50,0.48,10504.0,6.8507,7920,83,525
385560,6,KBSTAR KIS국고채30년Enhanced,101785,5,-1620,-1.57,101687.0,,230,23,519
371450,4,TIGER 글로벌클라우드컴퓨팅INDXX,11345,5,-20,-0.18,,7.4196,35835,406,513
322400,2,HANARO e커머스,20555,2,5,0.02,20560.0,21.5616,276295,5667,493
310960,1,TIGER 200TR,23420,2,130,0.56,23473.0,7.4014,22720,532,492
292190,1,KODEX KRX300,20150,2,85,0.42,20156.0,6.7968,12723,256,484
302190,6,TIGER 중장기국채,52055,5,-235,-0.45,52061.0,-0.0669,1700,88,468
379810,4,KODEX 미국나스닥100TR,10660,5,-15,-0.14,,,128463,1371,448
329650,7,KODEX TRF3070,11190,5,-20,-0.18,11153.0,2.0018,43715,489,448
114460,6,KINDEX 국고채3년,106345,5,-170,-0.16,106299.0,-0.1828,452,48,415
365000,2,TIGER KRX인터넷K-뉴딜,12725,5,-165,-1.28,12727.0,13.7185,134908,1714,414
272570,6,KBSTAR 중장기국공채액티브,103225,5,-165,-0.16,103204.0,-0.323,21,2,410
228810,2,TIGER 미디어컨텐츠,8265,5,-190,-2.25,8262.0,21.7422,483409,4004,409
341850,7,TIGER KIS부동산인프라채권TR,5790,2,10,0.17,5787.0,10.2001,50793,294,394
227830,1,ARIRANG 코스피,33540,2,215,0.65,33545.0,9.8674,627969,20995,386
280930,4,KODEX 미국러셀2000(H),15165,2,165,1.1,,5.2631,62239,943,379
356540,6,KINDEX KIS종합채권(AA-이상)액티브,98030,5,-225,-0.23,98017.0,-0.3803,8,0,376
256440,4,KINDEX 인도네시아MSCI(합성),7950,5,-75,-0.93,,-6.4686,57522,457,374
354350,4,HANARO 글로벌럭셔리S&P(합성),18195,2,25,0.14,,10.6914,38319,697,373
122260,6,KOSEF 통안채1년,101130,5,-50,-0.05,101127.0,-0.0149,3588,362,364
304770,1,HANARO 코스닥150,14300,5,-100,-0.69,14438.0,0.6641,4127,59,363
139270,2,TIGER 200 금융,7390,2,180,2.5,7415.0,11.6099,131113,964,361
169950,4,KODEX 중국본토 A50,23770,2,255,1.08,,3.6131,12332,291,357
099140,4,KODEX China H,21900,2,165,0.76,,0.1382,25056,546,350
326230,2,KBSTAR 내수주플러스,11485,2,20,0.17,11538.0,9.4301,84262,970,347
252420,3,KBSTAR 200선물인버스2X,1845,5,-20,-1.07,1844.0,-15.0342,424142,780,341
364990,2,TIGER KRX게임K-뉴딜,10970,2,20,0.18,10980.0,-1.8818,56477,618,340
385510,2,KODEX K-신재생에너지액티브,10415,3,0,0.0,10410.0,,122113,1274,338
359210,1,KODEX 코스피TR,15290,2,75,0.49,15284.0,9.6971,12,0,336
114470,6,KOSEF 국고채3년,111975,5,-130,-0.12,111931.0,-0.107,63,7,336
123320,3,TIGER 레버리지,27990,2,300,1.08,28020.0,15.3509,50035,1402,336
385600,2,네비게이터 친환경자동차밸류체인액티브,10790,3,0,0.0,10839.0,,63290,686,334
279530,2,KODEX 고배당,10110,2,55,0.55,10147.0,14.1705,13465,136,334
269540,4,ARIRANG 미국S&P500(H),17435,2,50,0.29,,9.0994,8760,152,331
276970,4,KODEX 미국S&P고배당커버드콜(합성 H),10320,2,5,0.05,,4.0657,22389,231,330
138910,5,KODEX 구리선물(H),7905,2,60,0.76,,4.3912,67351,533,324
292160,1,TIGER KRX300,20115,2,100,0.5,20133.0,6.667,1093,21,322
228790,2,TIGER 화장품,4030,2,40,1.0,4031.0,4.1775,290312,1171,318
244580,2,KODEX 바이오,14690,2,55,0.38,14780.0,0.0,94563,1390,317
137610,5,TIGER 농산물선물Enhanced(H),6205,2,5,0.08,,9.6374,29906,186,316
203780,4,TIGER 미국나스닥바이오,21050,2,100,0.48,,4.8811,13268,279,316
277540,4,KINDEX S&P아시아TOP50,16090,2,175,1.1,,0.7597,7291,116,314
363570,6,KODEX 장기종합채권(AA-이상)액티브KAP,95410,5,-340,-0.36,95969.0,-0.6021,2,0,312
385590,2,네비게이터 ESG액티브,10280,2,35,0.34,10264.0,,96864,996,308
138230,7,KOSEF 미국달러선물,11865,5,-90,-0.75,11881.0,0.1256,8079,95,307
114100,6,KBSTAR 국고채3년,112620,5,-65,-0.06,112441.0,-0.1241,8587,966,304
200250,4,KOSEF 인도Nifty50(합성),16390,5,-60,-0.36,,4.8104,19641,322,303
354500,1,KINDEX 코스닥150,14415,5,-90,-0.62,14424.0,0.7291,4512,65,303
292500,1,SMART KRX300,20125,2,105,0.52,20184.0,6.5573,11651,234,302
261250,7,KODEX 미국달러선물레버리지,9210,5,-120,-1.29,9222.0,0.0536,118651,1095,301
152870,1,파워 200,45000,2,265,0.59,45062.0,7.8601,44,1,293
287180,4,ARIRANG 미국나스닥기술주,22430,2,30,0.13,,8.6587,44742,1002,292
332620,6,ARIRANG 미국장기우량회사채,98495,5,-285,-0.29,,6.0041,821,80,291
204450,4,KODEX China H 레버리지(H),7080,2,190,2.76,,-2.6149,80512,565,290
387270,4,TIGER 글로벌BBIG액티브,10780,5,-10,-0.09,,,243429,2625,288
253250,3,KOSEF 200선물레버리지,26575,2,260,0.99,26579.0,15.6449,10043,266,287
217780,4,TIGER 차이나CSI300인버스(합성),7400,5,-90,-1.2,,-6.0816,1522,11,281
276650,4,KBSTAR 글로벌4차산업IT(합성 H),22475,2,105,0.47,,10.8798,16055,360,281
385720,1,TIMEFOLIO Kstock액티브,10380,5,-10,-0.1,10381.0,,16425,170,280
322410,2,HANARO 고배당,11130,2,205,1.88,11147.0,17.1204,4790,53,278
140710,2,KODEX 운송,7305,2,165,2.31,7329.0,17.4148,204974,1506,278
227570,2,TIGER 우량가치,12935,2,205,1.61,12941.0,12.615,5973,77,276
213630,4,ARIRANG 미국다우존스고배당주(합성 H),15575,2,210,1.37,,4.0989,11719,181,269
252400,3,KBSTAR 200선물레버리지,26895,2,260,0.98,26920.0,15.4779,16539,445,269
117460,2,KODEX 에너지화학,20150,2,170,0.85,20154.0,11.5142,27320,550,268
139250,2,TIGER 200 에너지화학,21315,2,165,0.78,21400.0,13.3501,11209,239,264
211900,2,KODEX 배당성장,15895,2,215,1.37,15891.0,8.497,14056,222,262
181480,7,KINDEX 미국다우존스리츠(합성 H),92605,5,-355,-0.38,,12.6992,6839,636,259
266420,2,KODEX 헬스케어,19340,5,-245,-1.25,19455.0,-0.2039,50480,990,251
266410,2,KODEX 필수소비재,10465,2,35,0.34,10507.0,4.6558,7015,73,251
331910,2,KOSEF Fn중소형,27105,2,145,0.54,27088.0,16.257,18231,493,249
227540,2,TIGER 200 헬스케어,25735,5,-5,-0.02,25812.0,1.3784,50128,1298,247
319640,4,TIGER 골드선물(H),12865,5,-5,-0.04,,2.4681,16377,210,244
285690,2,FOCUS ESG리더스,12320,2,120,0.98,12338.0,14.9317,1324,16,240
160580,5,TIGER 구리실물,10090,2,50,0.5,,6.019,42413,428,237
252410,3,KBSTAR 200선물인버스,4760,5,-30,-0.63,4752.0,-7.1706,4705,22,233
385710,2,TIMEFOLIO BBIG액티브,10415,5,-115,-1.09,10429.0,,22151,232,229
306950,3,KODEX KRX300레버리지,22715,2,240,1.07,22745.0,13.3955,14643,331,227
138520,2,TIGER 삼성그룹펀더멘털,12595,3,0,0.0,12654.0,6.3048,41221,520,227
292050,1,KBSTAR KRX300,20295,2,95,0.47,20303.0,6.7822,39986,810,223
292730,1,FOCUS KRX300,20200,2,150,0.75,20233.0,6.9447,4,0,222
379780,4,KBSTAR 미국S&P500,10540,5,-25,-0.24,,,153293,1618,221
276990,4,KODEX 글로벌4차산업로보틱스(합성),17405,3,0,0.0,,2.4727,3655,63,221
218420,4,KODEX 미국S&P에너지(합성),7250,5,-10,-0.14,,14.8734,37189,270,221
332610,6,ARIRANG 미국단기우량회사채,95790,5,-130,-0.14,,-0.0834,426,40,220
337160,2,KODEX 200ESG,15680,2,70,0.45,15756.0,8.8259,64861,1019,220
225130,4,KINDEX 골드선물 레버리지(합성 H),16795,2,55,0.33,,4.1368,9106,152,218
237370,7,KODEX 배당성장채권혼합,12115,2,35,0.29,12108.0,3.1156,3491,42,218
365040,1,TIGER AI코리아그로스액티브,14425,2,75,0.52,14509.0,8.261,1599,23,216
236350,4,TIGER 인도니프티50레버리지(합성),19635,5,-40,-0.2,,10.1932,3429,67,216
250780,3,TIGER 코스닥150선물인버스,4580,2,30,0.66,4583.0,-2.6738,329591,1501,215
337150,2,KODEX 200exTOP,15260,2,90,0.59,15262.0,11.0867,42,0,214
223190,2,KODEX 200가치저변동,11760,2,115,0.99,11760.0,8.9233,26208,306,212
289040,2,KODEX MSCI KOREA ESG유니버설,13135,5,-20,-0.15,13201.0,7.8278,2863,37,210
143460,2,KINDEX 밸류대형,10495,2,105,1.01,10512.0,9.1157,1625,17,210
138530,2,TIGER LG그룹+펀더멘털,12190,2,110,0.91,12233.0,11.6451,40814,498,207
102960,2,KODEX 기계장비,6240,2,60,0.97,6256.0,25.3549,60341,377,203
225800,3,KOSEF 미국달러선물레버리지,8610,5,-270,-3.04,8778.0,0.1127,14330,125,201
278620,6,ARIRANG 단기채권액티브,105965,5,-35,-0.03,105960.0,0.0897,16,1,201
368680,2,KODEX Fn K-뉴딜디지털플러스,13410,5,-160,-1.18,13416.0,10.5408,10956,148,201
367740,2,HANARO Fn5G산업,13535,2,10,0.07,13543.0,10.2192,53753,727,196
152380,6,KODEX 국채선물10년,69395,5,-265,-0.38,69336.0,0.0502,2760,191,196
360140,2,KODEX 200롱코스닥150숏선물,12205,2,120,0.99,12254.0,5.6381,5852,71,195
210780,2,TIGER 코스피고배당,14735,2,295,2.04,14727.0,14.1772,14766,216,195
371130,4,KINDEX 블룸버그베트남VN30선물레버리지(H),21220,5,-135,-0.63,,65.5426,2294,48,191
316670,1,KOSEF 코스닥150,7190,5,-45,-0.62,7193.0,0.2772,10095,72,190
243890,2,TIGER 200에너지화학레버리지,23570,2,425,1.84,23682.0,26.3028,12297,291,189
377990,2,TIGER Fn신재생에너지,10590,2,40,0.38,10614.0,9.2698,57756,614,185
304660,6,KODEX 미국채울트라30년선물(H),12155,2,35,0.29,,4.0343,4978,60,182
230480,3,KOSEF 미국달러선물인버스2X,8585,2,95,1.12,8594.0,-0.7598,2074,17,182
200030,4,KODEX 미국S&P산업재(합성),20395,2,50,0.25,,7.7595,9543,194,180
140700,2,KODEX 보험,6665,2,225,3.49,6689.0,10.1607,234945,1554,180
244670,2,KODEX 밸류Plus,11235,2,60,0.54,11266.0,16.8444,4524,51,180
304760,1,HANARO KRX300,19925,2,140,0.71,19933.0,7.3288,100,1,179
211560,2,TIGER 배당성장,19695,2,265,1.36,19694.0,8.7297,4271,83,177
122090,1,ARIRANG 코스피50,30740,2,65,0.21,30752.0,7.5862,1222,37,175
239660,6,ARIRANG 우량회사채50 1년,108490,5,-55,-0.05,108482.0,0.0138,524,56,174
248270,4,TIGER S&P글로벌헬스케어(합성),16940,2,5,0.03,,9.8605,2521,42,169
280320,4,KINDEX 미국IT인터넷S&P(합성 H),21095,2,125,0.6,,8.6528,897,18,169
237350,1,KODEX 코스피100,33680,5,-5,-0.01,33808.0,7.161,569,19,168
139240,2,TIGER 200 철강소재,10325,2,40,0.39,10334.0,27.2581,42460,439,161
253150,3,ARIRANG 200선물레버리지,53470,2,495,0.93,53497.0,15.7417,1098,58,160
272910,6,KINDEX 중장기국공채액티브,100810,5,-185,-0.18,100758.0,-0.0782,9,0,158
315960,2,KBSTAR 대형고배당10TR,17555,2,155,0.89,17615.0,4.0358,12500,219,158
307010,3,KBSTAR KRX300레버리지,22545,2,250,1.12,22450.0,13.779,793,17,158
245350,4,TIGER 유로스탁스배당30,13150,5,-10,-0.08,,8.286,12527,164,158
183700,7,KBSTAR 채권혼합,64885,2,170,0.26,64850.0,2.1417,51,3,156
295820,1,ARIRANG 200동일가중,12340,2,120,0.98,12338.0,14.5052,821,10,154
244660,2,KODEX 퀄리티Plus,11840,2,80,0.68,11822.0,8.8788,13,0,154
168300,1,KTOP 코스피50,30875,5,-75,-0.24,31065.0,7.596,123,3,153
241390,7,KBSTAR V&S셀렉트밸류채권혼합,12670,2,20,0.16,12675.0,3.9185,11884,150,152
238720,4,KINDEX 일본Nikkei225(H),18955,2,70,0.37,,1.7236,1774,33,152
225050,4,TIGER 유로스탁스레버리지(합성 H),10100,2,155,1.56,,15.5723,5164,52,152
182490,6,TIGER 단기선진하이일드(합성 H),12525,2,15,0.12,,2.0391,2043,25,150
276000,4,TIGER 글로벌자원생산기업(합성 H),13645,2,75,0.55,,8.9085,2401,32,150
251590,2,ARIRANG 고배당저변동50,11525,2,165,1.45,11526.0,12.1421,5668,65,150
284430,6,KODEX 200미국채혼합,13325,2,5,0.04,13336.0,2.8571,6315,84,149
140950,1,파워 코스피100,33890,2,130,0.39,33902.0,7.4988,49,1,149
300640,2,KBSTAR 게임테마,15180,3,0,0.0,15181.0,-1.7158,4802,72,144
253160,3,ARIRANG 200선물인버스2X,3695,5,-40,-1.07,3688.0,-14.7261,73344,270,144
229720,1,KODEX KTOP30,23980,2,15,0.06,23976.0,9.0358,591,14,144
361590,2,KBSTAR 코스피ex200,15045,2,80,0.53,15046.0,17.6216,317,4,143
365780,6,KINDEX 국고채10년,96725,5,-425,-0.44,96668.0,0.0411,286,27,142
219900,4,KINDEX 중국본토CSI300레버리지(합성),5870,2,150,2.62,,9.2645,29853,173,141
241180,4,TIGER 일본니케이225,17545,2,35,0.2,,0.1429,555,9,140
337120,2,KODEX Fn멀티팩터,15470,2,80,0.52,15469.0,8.7555,1028,15,139
352560,7,KODEX 다우존스미국리츠(H),13900,5,-50,-0.36,,14.862,2919,40,139
269420,4,KODEX S&P글로벌인프라(합성),11780,5,-55,-0.46,,5.0133,5080,59,137
310080,4,KBSTAR 중국MSCI China선물(H),14400,2,250,1.77,,-0.4923,3539,50,137
275290,2,KODEX MSCI밸류,13660,2,110,0.81,13705.0,9.6455,328,4,137
375760,2,HANARO 탄소효율그린뉴딜,10495,2,40,0.38,10496.0,6.9018,115861,1215,136
104520,2,KOSEF 블루칩,11090,2,15,0.14,11123.0,12.1405,561,6,133
329660,7,KODEX TRF5050,11990,5,-35,-0.29,11962.0,3.8428,14703,176,132
252000,1,TIGER 200동일가중,13670,2,135,1.0,13682.0,13.7108,406,5,130
244620,2,KODEX 모멘텀Plus,12930,2,60,0.47,12975.0,8.2331,318,4,129
329670,7,KODEX TRF7030,12790,5,-35,-0.27,12742.0,5.686,4476,57,128
196030,4,KINDEX 일본TOPIX레버리지(H),21265,2,240,1.14,,2.4859,297,6,128
153270,1,KOSEF 코스피100,33290,2,120,0.36,33327.0,6.8242,253,8,127
279540,2,KODEX 최소변동성,12625,3,0,0.0,12741.0,5.9499,0,0,126
308620,6,KODEX 미국채10년선물,11385,5,-65,-0.57,,0.8366,7484,85,125
253290,7,KBSTAR 헬스케어채권혼합,12485,5,-45,-0.36,12481.0,1.1707,13797,172,125
100910,1,KOSEF KRX100,6930,2,20,0.29,6930.0,6.57,2097,14,125
251600,7,ARIRANG 고배당주채권혼합,11250,2,95,0.85,11250.0,5.2954,6222,69,124
270800,2,KBSTAR KQ고배당,16480,3,0,0.0,16479.0,8.1152,2739,45,124
292750,1,ARIRANG KRX300,20125,2,110,0.55,20115.0,7.273,48,0,121
091220,2,TIGER 은행,8100,2,190,2.4,8128.0,13.0161,81310,656,120
277650,2,TIGER 코스피중형주,18315,2,210,1.16,18320.0,15.3111,113,2,119
316300,7,KINDEX 싱가포르리츠,11880,5,-20,-0.17,,3.0303,4808,57,119
322120,2,KINDEX 스마트퀄리티,19790,2,30,0.15,19814.0,5.8382,20,0,119
248260,4,TIGER 일본TOPIX헬스케어(합성),11825,5,-35,-0.3,,-2.5873,3010,35,118
139660,7,KOSEF 미국달러선물인버스,10590,2,65,0.62,10581.0,-0.3787,45,0,118
360150,2,KODEX 코스닥150롱코스피200숏선물,7760,5,-70,-0.89,7757.0,-6.6747,34,0,116
152500,3,KINDEX 레버리지,11625,2,105,0.91,11661.0,15.2576,18669,217,116
234310,2,KBSTAR V&S셀렉트밸류,16440,2,70,0.43,16520.0,9.8805,841,13,115
183710,7,KBSTAR 주식혼합,45985,2,20,0.04,46065.0,5.2071,497,22,115
285000,2,KBSTAR 200IT,17320,2,90,0.52,17313.0,3.3035,362,6,114
364690,1,KODEX 혁신기술테마액티브,14265,2,135,0.96,14273.0,9.2638,30848,438,114
195920,4,TIGER 일본TOPIX(합성 H),16210,2,135,0.84,,0.9736,778,12,113
139290,2,TIGER 200 경기소비재,20200,2,55,0.27,20304.0,10.0639,7908,159,113
108590,1,TREX 200,44525,2,220,0.5,44582.0,7.8636,54,2,111
373490,2,KODEX K-이노베이션액티브,11710,5,-15,-0.13,11760.0,5.9743,7208,84,111
208470,4,SMART 선진국MSCI World(합성 H),18360,2,85,0.47,,8.0721,4,0,110
145850,2,TREX 펀더멘탈 200,43760,2,430,0.99,43728.0,9.8268,7,0,109
265690,4,KINDEX 러시아MSCI(합성),30760,5,-130,-0.42,,19.5433,910,27,108
352540,7,KODEX TSE일본리츠(H),13370,5,-5,-0.04,,9.4517,624,8,107
388420,2,KBSTAR 비메모리반도체액티브,10080,2,170,1.72,10072.0,,227000,2278,107
105780,2,KBSTAR 5대그룹주,8895,2,15,0.17,8909.0,10.3242,7644,67,107
381560,2,HANARO Fn전기&수소차,10665,2,70,0.66,10690.0,,14902,159,107
277640,2,TIGER 코스피대형주,16185,2,15,0.09,16238.0,8.3417,821,13,105
300950,2,KODEX 게임산업,12955,2,10,0.08,12960.0,-6.08,18313,236,104
226380,2,KINDEX Fn성장소비주도주,8475,5,-10,-0.12,8472.0,12.0132,8063,68,102
272230,2,KINDEX 스마트밸류,16775,2,110,0.66,16789.0,10.3642,28,0,101
342140,7,KINDEX 모닝스타싱가포르리츠채권혼합,9975,2,40,0.4,,-0.1006,2,0,100
271060,5,KODEX 3대농산물선물(H),10580,5,-25,-0.24,,5.2083,21905,232,98
225060,4,TIGER 이머징마켓MSCI레버리지(합성 H),16275,2,355,2.23,,7.6766,1102,17,98
261120,7,TIGER 미국달러선물인버스2X,9730,2,140,1.46,9709.0,-0.8274,114,1,97
101280,4,KODEX 일본TOPIX100,16200,2,100,0.62,,1.0989,1383,22,97
322150,2,KINDEX 스마트하이베타,16155,2,85,0.53,16161.0,10.7817,23,0,97
205720,4,KINDEX 일본TOPIX인버스(합성 H),4365,5,-25,-0.57,,-2.009,1321,5,96
137930,3,마이다스 200커버드콜5%OTM,15830,3,0,0.0,15982.0,7.797,0,0,95
228820,1,TIGER KTOP30,11870,3,0,0.0,11899.0,8.6697,6464,76,95
375270,7,KBSTAR 글로벌데이터센터리츠나스닥(합성),11750,5,-120,-1.01,,12.6185,5844,68,94
159800,1,마이티 코스피100,33385,2,235,0.71,33422.0,6.5642,23,0,93
272220,2,KINDEX 스마트모멘텀,18695,2,100,0.54,18709.0,7.7908,20,0,93
315270,2,TIGER 200커뮤니케이션서비스,35395,5,-245,-0.69,35423.0,20.8832,7456,262,92
226980,1,KODEX 200 중소형,15305,2,220,1.46,15317.0,19.6842,25767,394,92
322130,2,KINDEX 스마트로우볼,18165,2,105,0.58,18186.0,7.5,20,0,91
131890,2,KINDEX 삼성그룹동일가중,18100,2,5,0.03,18119.0,12.4611,581,10,91
271050,5,KODEX WTI원유선물인버스(H),8405,5,-10,-0.12,,-21.8301,14989,125,90
253230,3,KOSEF 200선물인버스2X,1825,5,-30,-1.62,1831.0,-14.3188,181492,331,90
167860,6,KOSEF 국고채10년레버리지,128620,5,-1050,-0.81,128511.0,-0.2654,314,40,90
185680,4,KODEX 미국S&P바이오(합성),33830,2,525,1.58,,-3.2535,2979,100,90
105010,4,TIGER 라틴35,3870,2,40,1.04,,22.3642,20292,78,89
225030,4,TIGER 미국S&P500선물인버스(H),3945,5,-15,-0.38,,-8.7558,33147,130,89
189400,4,ARIRANG 글로벌MSCI(합성 H),17370,5,-30,-0.17,,6.9452,3120,54,89
251890,1,KINDEX 코스닥(합성),14600,2,30,0.21,14532.0,6.5837,154,2,88
275280,2,KODEX MSCI모멘텀,14315,2,75,0.53,14339.0,6.1735,12,0,86
174350,2,TIGER 로우볼,12610,2,220,1.78,12614.0,9.317,1289,16,86
261140,2,TIGER 우선주,15255,2,40,0.26,15327.0,10.5018,1822,27,85
256450,4,ARIRANG 심천차이넥스트(합성),14200,2,185,1.32,,22.6159,3065,43,85
381570,2,HANARO Fn친환경에너지,9960,2,55,0.56,9960.0,,3708,37,85
227550,2,TIGER 200 산업재,7540,2,110,1.48,7561.0,15.9126,5498,41,84
305050,1,KINDEX 코스피,33320,2,160,0.48,33345.0,9.5618,23,0,83
307510,2,TIGER 의료기기,20550,5,-25,-0.12,20606.0,13.8375,2272,46,82
266390,2,KODEX 경기소비재,13610,2,100,0.74,13628.0,11.7267,26415,358,82
166400,3,TIGER 200커버드콜5%OTM,16250,2,75,0.46,16272.0,8.2301,65,1,81
388280,2,KBSTAR Fn컨택트대표,10125,2,85,0.85,10142.0,,253051,2563,81
319870,2,KBSTAR KRX300미국달러선물혼합,16170,5,-125,-0.77,16221.0,7.1686,218,3,81
237440,7,TIGER 경기방어채권혼합,10095,5,-25,-0.25,10098.0,1.8621,9042,91,81
252650,1,KODEX 200동일가중,13420,2,115,0.86,13434.0,13.5723,7063,95,81
138920,5,KODEX 콩선물(H),11440,5,-5,-0.04,,-2.8439,2283,26,80
368470,2,KINDEX Fn K-뉴딜디지털플러스,15995,5,-290,-1.78,16030.0,11.1604,84,1,80
211260,2,KINDEX 배당성장,39550,2,460,1.18,39538.0,8.1597,598,23,79
117690,4,TIGER 차이나항셍25,17480,2,140,0.81,,2.4822,1756,30,79
291130,4,KINDEX 멕시코MSCI(합성),9815,2,135,1.39,,10.1251,639,6,79
261070,2,TIGER 코스닥150바이오테크,13085,5,-185,-1.39,13218.0,-3.526,15461,204,79
333960,2,ARIRANG KS모멘텀가중TR,17350,2,100,0.58,17349.0,9.5585,904,15,78
252730,2,KBSTAR 모멘텀로우볼,17330,2,40,0.23,17407.0,7.7325,78,1,78
354240,7,KBSTAR 미국고정배당우선증권ICE TR,10395,5,-60,-0.57,,4.3413,695,7,78
291630,3,KOSEF 코스닥150선물레버리지,6440,5,-80,-1.23,6442.0,1.3996,1615,10,78
307520,2,TIGER 지주회사,12925,2,110,0.86,12926.0,16.8718,8182,105,78
333970,2,ARIRANG KS밸류가중TR,17185,2,185,1.09,17181.0,11.2929,837,14,77
139320,5,TIGER 금은선물(H),9530,5,-15,-0.16,,2.3043,7286,69,76
098560,2,TIGER 방송통신,10290,2,40,0.39,10321.0,19.883,9253,95,76
289250,2,TIGER MSCI KOREA ESG유니버설,13175,2,30,0.23,13254.0,6.5494,15183,200,75
379790,4,KBSTAR 유로스탁스50(H),10530,2,70,0.67,,,3358,35,74
147970,2,TIGER 모멘텀,26305,2,280,1.08,26307.0,16.37,1179,31,74
298340,6,ARIRANG 국채선물3년,53455,3,0,0.0,53308.0,-0.0375,0,0,73
104530,2,KOSEF 고배당,9075,2,135,1.51,9087.0,14.41,5078,45,73
292560,7,TIGER 일본엔선물,10055,5,-50,-0.49,10054.0,-2.0834,1516,15,70
300610,2,TIGER K게임,12700,2,50,0.4,12698.0,-5.0301,6919,87,70
302170,6,TIGER 국채선물3년인버스,49885,3,0,0.0,50023.0,0.2109,0,0,70
281990,2,KBSTAR 중소형고배당,12620,2,170,1.37,12657.0,11.3994,4153,52,69
213610,2,KODEX 삼성그룹밸류,9870,2,5,0.05,9909.0,9.9164,21365,212,69
238670,7,ARIRANG 스마트베타Quality채권혼합,11490,2,25,0.22,11490.0,3.7462,21,0,69
289480,2,TIGER 200커버드콜ATM,11485,3,0,0.0,11490.0,5.4153,0,0,69
376250,2,ARIRANG 탄소효율그린뉴딜,10490,2,55,0.53,10487.0,7.2456,1538,16,68
192720,2,파워 고배당저변동성,32100,2,555,1.76,32244.0,12.6607,248,7,67
301440,2,ARIRANG 코스피중형주,13465,2,150,1.13,13449.0,16.3491,183,2,67
275300,2,KODEX MSCI퀄리티,11210,5,-105,-0.93,11214.0,5.7674,14683,165,67
371150,4,KBSTAR 차이나항셍테크,10340,2,175,1.72,,-0.1964,11065,113,67
292340,2,마이티 200커버드콜ATM레버리지,11125,2,60,0.54,11121.0,9.6087,3,0,67
368200,2,KBSTAR Fn K-뉴딜디지털플러스,13325,5,-295,-2.17,13419.0,11.4475,952,12,67
315480,2,KBSTAR 200커뮤니케이션서비스,21910,5,-215,-0.97,21982.0,20.9611,183,4,66
157500,2,TIGER 증권,5050,2,120,2.43,5069.0,11.2615,66287,332,66
373790,4,KOSEF 미국방어배당성장나스닥,10940,5,-30,-0.27,,4.9158,529,5,66
253280,2,KBSTAR 헬스케어,16370,5,-230,-1.39,16485.0,4.3565,1747,29,65
333940,2,ARIRANG KS로우볼가중TR,14520,2,90,0.62,14543.0,8.537,894,12,65
261110,7,TIGER 미국달러선물레버리지,9290,5,-140,-1.48,9305.0,0.1593,1635,15,65
306530,3,HANARO 코스닥150선물레버리지,13005,5,-265,-2.0,13014.0,2.1161,270,3,65
195970,4,ARIRANG 선진국MSCI(합성 H),12325,2,100,0.82,,5.9817,2263,27,64
333950,2,ARIRANG KS로우사이즈가중TR,18165,2,115,0.64,18164.0,12.2861,477,8,64
261060,2,TIGER 코스닥150IT,16625,2,190,1.16,16630.0,1.2506,4337,71,63
373530,4,ARIRANG 신흥국MSCI인버스(합성 H),8750,5,-105,-1.19,,-5.3953,226,1,63
145670,3,KINDEX 인버스,4495,5,-25,-0.55,4497.0,-7.3771,17609,79,63
289670,6,ARIRANG 국채선물10년,56030,5,-380,-0.67,56121.0,-0.0443,13,0,63
342600,6,KBSTAR KRX국채선물3년10년스티프너2X,51980,5,-10,-0.02,51930.0,-0.45,6,0,62
342500,6,KBSTAR KRX국채선물3년10년스티프너,51225,5,-15,-0.03,51197.0,-0.0975,6,0,61
215620,2,흥국 S&P코리아로우볼,12770,2,110,0.87,12806.0,16.478,89,1,61
346000,6,HANARO KAP초장기국고채,46000,5,-290,-0.63,46002.0,-1.607,146,6,61
176710,6,파워 중기국고채,100040,5,-115,-0.11,100010.0,-0.2043,16,1,60
342610,6,KBSTAR KRX국채선물3년10년플래트너,49705,2,15,0.03,49702.0,0.3331,7,0,60
342620,6,KBSTAR KRX국채선물3년10년플래트너2X,48945,2,35,0.07,48918.0,0.2151,6,0,59
217790,2,TIGER 가격조정,26640,2,210,0.79,26636.0,3.8343,8,0,59
302180,6,TIGER 국채선물10년인버스,48375,3,0,0.0,48586.0,0.2486,0,0,58
261260,7,KODEX 미국달러선물인버스2X,9765,2,125,1.3,9764.0,-0.5674,32275,314,58
269530,4,ARIRANG S&P글로벌인프라,11470,5,-70,-0.61,,7.0997,193,2,57
267440,4,KBSTAR 미국장기국채선물(H),11455,2,15,0.13,,2.8776,906,10,57
290080,2,KBSTAR 200고배당커버드콜ATM,8180,2,115,1.43,8173.0,8.4734,661,5,57
380340,2,KINDEX Fn5G플러스,9355,5,-20,-0.21,9378.0,,12177,114,56
140570,2,KBSTAR 수출주,13920,2,110,0.8,13953.0,14.2455,38490,536,56
261920,4,KINDEX 필리핀MSCI(합성),13840,2,80,0.58,,6.708,520,7,55
285010,2,KBSTAR 200중공업,12010,2,120,1.01,12028.0,30.803,11180,134,55
321410,7,KODEX 멀티에셋하이인컴(H),10850,3,0,0.0,,4.2767,2419,25,54
269370,4,TIGER S&P글로벌인프라(합성),10670,5,-25,-0.23,,5.1002,3386,36,53
314700,2,HANARO 농업융복합산업,13335,2,110,0.83,13324.0,10.2083,708,9,53
304670,4,KODEX 미국채울트라30년선물인버스(H),7550,5,-35,-0.46,,-4.1693,38092,287,53
371870,4,KINDEX 차이나항셍테크,10200,2,185,1.85,,-0.05,5754,58,51
292770,6,KODEX 국채선물3년인버스,49920,2,100,0.2,49953.0,0.2616,10,0,51
220130,4,SMART 중국본토 중소형 CSI500(합성 H),5655,2,45,0.8,,9.1439,2671,15,51
295000,6,KBSTAR 국채선물10년,55255,5,-245,-0.44,55233.0,-0.0361,130,7,51
261270,7,KODEX 미국달러선물인버스,10155,2,75,0.74,10155.0,-0.4936,1551,15,51
280920,2,ARIRANG 주도업종,12660,5,-40,-0.31,12649.0,10.685,3863,48,51
299080,6,KINDEX 국채선물3년인버스,99595,3,0,0.0,99879.0,0.2365,0,0,50
250730,4,KBSTAR 차이나HSCEI(H),12400,2,255,2.1,,-1.4205,1847,22,50
309210,2,ARIRANG KRX300헬스케어,13495,5,-175,-1.28,13594.0,0.0,906,12,49
299070,6,KINDEX 국채선물10년인버스,95245,3,0,0.0,95859.0,-0.2096,0,0,48
139310,5,TIGER 금속선물(H),6800,2,70,1.04,,8.9878,4670,31,48
275750,1,KBSTAR 코스닥150선물인버스,4730,2,45,0.96,4718.0,-2.5988,7009,32,47
296710,2,KODEX FnKorea50,11545,3,0,0.0,11649.0,10.5419,0,0,46
301410,3,ARIRANG 코스닥150선물인버스,7065,2,25,0.36,7077.0,-1.9499,15620,109,46
334690,5,KBSTAR 팔라듐선물(H),15190,2,190,1.27,,-0.1,4668,70,46
227560,2,TIGER 200 생활소비재,12350,2,60,0.49,12365.0,6.0946,5068,62,44
280940,4,KODEX 골드선물인버스(H),7330,5,-10,-0.14,,-3.0384,4854,35,44
291620,3,KOSEF 코스닥150선물인버스,8110,2,35,0.43,8114.0,-2.0619,96,0,43
266550,2,ARIRANG 중형주저변동50,12150,2,150,1.25,12155.0,10.2029,196,2,43
333980,2,ARIRANG KS퀄리티가중TR,16530,2,70,0.43,16526.0,7.1265,10151,167,41
140580,2,KBSTAR 우량업종,13535,2,135,1.01,13602.0,16.3396,35,0,41
267450,4,KBSTAR 미국장기국채선물인버스(H),8120,5,-5,-0.06,,-3.6181,6,0,41
295020,6,KBSTAR 국채선물10년인버스,47870,2,240,0.5,47844.0,0.1998,6,0,40
278420,2,ARIRANG ESG우수기업,9990,2,90,0.91,10005.0,12.5127,3878,38,40
284990,2,KBSTAR 200에너지화학,14215,2,135,0.96,14215.0,13.5667,1236,17,40
252720,2,KBSTAR 모멘텀밸류,15770,2,65,0.41,15839.0,8.1462,275,4,39
253240,3,KOSEF 200선물인버스,4765,5,-20,-0.42,4754.0,-7.7146,8077,38,39
217770,4,TIGER 원유선물인버스(H),5885,5,-5,-0.08,,-22.7541,6625,38,38
291660,4,KODEX China H선물인버스(H),9480,5,-200,-2.07,,0.1034,193,1,38
267490,4,KBSTAR 미국장기국채선물레버리지(합성 H),12605,2,55,0.44,,5.4621,2,0,38
291680,4,KBSTAR 차이나H선물인버스(H),9345,5,-155,-1.63,,-0.7833,68,0,37
287300,2,KBSTAR 200건설,13690,2,20,0.15,13681.0,20.6531,6690,92,36
291890,4,KODEX MSCI EM선물(H),11060,2,170,1.56,,4.9132,302,3,33
284980,2,KBSTAR 200금융,9395,2,225,2.45,9420.0,12.0068,9383,87,32
301400,1,ARIRANG 코스닥150,14415,5,-10,-0.07,14415.0,0.5927,356,5,29
287330,2,KBSTAR 200생활소비재,9410,2,60,0.64,9422.0,5.5543,3918,36,28
309170,2,ARIRANG KRX300IT,19400,2,190,0.99,19417.0,1.1958,243,4,27
285020,2,KBSTAR 200철강소재,9945,2,25,0.25,9966.0,27.654,6791,67,26
306540,6,HANARO 단기통안채,103070,3,0,0.0,103077.0,0.0776,0,0,23
267500,4,KBSTAR 미국장기국채선물인버스2X(합성 H),6360,5,-45,-0.7,,-6.1539,5110,32,22
287310,2,KBSTAR 200경기소비재,12455,2,40,0.32,12529.0,9.1716,561,6,17
287320,2,KBSTAR 200산업재,13415,2,165,1.25,13490.0,16.463,1585,21,16
334700,5,KBSTAR 팔라듐선물인버스(H),4535,5,-25,-0.55,,-3.7975,115,0,14
